{
  "Total" : {
    "transaction" : "Total",
    "sampleCount" : 3,
    "errorCount" : 0,
    "errorPct" : 0.0,
    "meanResTime" : 56.33333333333333,
    "medianResTime" : 82.0,
    "minResTime" : 5.0,
    "maxResTime" : 82.0,
    "pct1ResTime" : 82.0,
    "pct2ResTime" : 82.0,
    "pct3ResTime" : 82.0,
    "throughput" : 10.48951048951049,
    "receivedKBytesPerSec" : 3.9335664335664338,
    "sentKBytesPerSec" : 1.2599704982517483
  },
  "HTTP Request" : {
    "transaction" : "HTTP Request",
    "sampleCount" : 3,
    "errorCount" : 0,
    "errorPct" : 0.0,
    "meanResTime" : 56.33333333333333,
    "medianResTime" : 82.0,
    "minResTime" : 5.0,
    "maxResTime" : 82.0,
    "pct1ResTime" : 82.0,
    "pct2ResTime" : 82.0,
    "pct3ResTime" : 82.0,
    "throughput" : 10.48951048951049,
    "receivedKBytesPerSec" : 3.9335664335664338,
    "sentKBytesPerSec" : 1.2599704982517483
  }
}